{"initial_reset_timestamp": 1639335159.5893133, "timestamps": [1639335164.3971326, 1639335168.6671476, 1639335169.7229004, 1639335170.6850889, 1639335171.626477], "episode_lengths": [300, 300, 300, 300, 300], "episode_rewards": [300.0, 300.0, 300.0, 300.0, 300.0], "episode_types": ["t", "t", "t", "t", "t"]}