{"initial_reset_timestamp": 1639335204.1766512, "timestamps": [1639335206.5800664, 1639335208.565708, 1639335209.0510812, 1639335209.4146345, 1639335209.8054557], "episode_lengths": [124, 122, 116, 115, 120], "episode_rewards": [124.0, 122.0, 116.0, 115.0, 120.0], "episode_types": ["t", "t", "t", "t", "t"]}