{"initial_reset_timestamp": 1639335174.6199481, "timestamps": [1639335179.4591994, 1639335183.8690546, 1639335184.932546, 1639335185.7731304, 1639335186.7487354], "episode_lengths": [300, 300, 300, 266, 300], "episode_rewards": [300.0, 300.0, 300.0, 266.0, 300.0], "episode_types": ["t", "t", "t", "t", "t"]}