{"initial_reset_timestamp": 1639335190.122122, "timestamps": [1639335195.0058665, 1639335198.8035, 1639335199.714109, 1639335200.442072, 1639335201.1070626], "episode_lengths": [289, 247, 248, 229, 207], "episode_rewards": [289.0, 247.0, 248.0, 229.0, 207.0], "episode_types": ["t", "t", "t", "t", "t"]}